Timestamp,cpu_usage_percentage
1378388949,0.6833333333333332
1378389249,0.7166666666666667
1378389549,0.5833333333333334
1378389849,0.55
1378390149,1.1833333333333331
1378390449,0.65
1378390749,0.7166666666666667
1378391049,20.816666666666663
1378391349,93.25
1378391649,89.98333333333333
1378391949,1.6333333333333335
1378392249,0.6
1378392549,72.43333333333334
1378392849,93.75
1378393149,92.91666666666666
1378393449,93.26666666666668
1378393749,68.5
1378394050,38.38333333333333
1378394350,93.83333333333334
1378394650,93.75
1378394950,93.3
1378395250,92.85
1378395550,74.3
1378395850,0.75
1378396150,0.75
1378396450,0.6833333333333332
1378396750,0.7
1378397050,0.5833333333333334
1378397350,0.7
1378397650,0.75
1378397950,0.7
1378398250,0.7
1378398550,0.6
1378398850,0.5666666666666667
1378399150,0.6166666666666667
1378399450,0.6166666666666667
1378399750,0.7
1378400050,0.6166666666666667
1378400350,0.75
1378400650,0.5666666666666667
1378400950,0.6166666666666667
1378401250,0.7166666666666667
1378401550,0.7166666666666667
1378401850,0.7333333333333333
1378402150,0.7333333333333333
1378402450,0.7
1378402750,0.6833333333333332
1378403050,0.75
1378403350,0.75
1378403651,0.6833333333333332
1378403951,0.6833333333333332
1378404251,0.7166666666666667
1378404551,0.6666666666666667
1378404851,0.7
1378405151,0.6833333333333332
1378405451,0.65
1378405750,0.6666666666666667
1378406050,0.6
1378406350,0.6166666666666667
1378406650,0.7
1378406950,0.6666666666666667
1378407250,0.6666666666666667
1378407550,0.7166666666666667
1378407850,0.7
1378408150,0.5833333333333334
1378408450,0.65
1378408751,0.65
1378409051,0.6666666666666667
1378409351,0.5833333333333334
1378409651,1.1333333333333333
1378409951,0.6333333333333333
1378410251,0.7333333333333333
1378410551,0.7166666666666667
1378410851,0.6
1378411151,0.65
1378411451,0.6166666666666667
1378411751,0.6333333333333333
1378412051,0.7
1378412351,0.7333333333333333
1378412651,0.7166666666666667
1378412951,0.6166666666666667
1378413251,0.6833333333333332
1378413551,0.55
1378413851,0.75
1378414151,0.6666666666666667
1378414451,0.65
1378414751,0.5833333333333334
1378415051,0.5833333333333334
1378415351,0.6833333333333332
1378415651,0.6833333333333332
1378415951,0.75
1378416251,0.7
1378416551,0.7166666666666667
1378416851,0.6833333333333332
1378417152,0.6333333333333333
1378417452,0.65
1378417752,0.65
1378418052,0.75
1378418352,0.6071428571428572
1378418652,0.6333333333333333
1378418952,0.7
1378419252,0.7166666666666667
1378419552,0.7166666666666667
1378419852,0.7333333333333333
1378420152,0.6833333333333332
1378420452,0.6833333333333332
1378420752,0.7
1378421052,0.7333333333333333
1378421352,0.65
1378421652,0.7
1378421952,0.6
1378422252,0.6
1378422552,0.65
1378422852,0.7
1378423152,0.6666666666666667
1378423452,0.6333333333333333
1378423752,0.5833333333333334
1378424052,0.6333333333333333
1378424352,0.7333333333333333
1378424653,0.6166666666666667
1378424953,0.6666666666666667
1378425253,0.6333333333333333
1378425553,0.5
1378425853,0.6166666666666667
1378426153,0.6
1378426453,0.5666666666666667
1378426753,0.6
1378427053,0.55
1378427353,0.5166666666666666
1378427653,0.7
1378427953,0.6333333333333333
1378428253,0.6666666666666667
1378428553,0.5833333333333334
1378428853,0.6666666666666667
1378429153,0.5333333333333333
1378429453,0.5166666666666666
1378429753,0.65
1378430053,0.6833333333333332
1378430353,0.6
1378430653,0.6
1378430953,0.6
1378431253,0.55
1378431553,0.6333333333333333
1378431853,0.7333333333333333
1378432153,0.6833333333333332
1378432453,0.6333333333333333
1378432753,0.6166666666666667
1378433054,0.7
1378433354,0.6
1378433654,0.6666666666666667
1378433954,0.5666666666666667
1378434254,0.55
1378434554,0.55
1378434854,0.5
1378435154,0.65
1378435454,0.7166666666666667
1378435754,0.6666666666666667
1378436054,0.5666666666666667
1378436354,0.5333333333333333
1378436654,0.5833333333333334
1378436954,0.6666666666666667
1378437254,0.7333333333333333
1378437554,1.0357142857142856
1378437854,0.7833333333333333
1378438154,0.6666666666666667
1378438454,0.5833333333333334
1378438754,0.7333333333333333
1378439054,0.7333333333333333
1378439354,0.6666666666666667
1378439654,0.6
1378439954,0.6333333333333333
1378440254,0.6333333333333333
1378440554,0.7
1378440854,0.75
1378441154,0.7166666666666667
1378441454,0.55
1378441754,0.7
1378442054,0.6833333333333332
1378442354,0.65
1378442654,0.6833333333333332
1378442954,0.7166666666666667
1378443254,0.5666666666666667
1378443554,0.6
1378443854,0.6964285714285714
1378444154,0.6833333333333332
1378444454,0.7321428571428571
1378444754,0.7
1378445054,0.5
1378445354,0.5666666666666667
1378445654,0.6428571428571429
1378445954,0.7
1378446254,0.6166666666666667
1378446554,2.0
1378446855,86.5
1378447155,93.69642857142856
1378447455,93.45
1378447755,93.1
1378448055,91.51666666666668
1378448355,16.85
1378448655,8.3
1378448955,90.4
1378449255,93.61666666666666
1378449555,93.46666666666664
1378449855,93.11666666666666
1378450155,90.85
1378450455,17.08928571428571
1378450755,0.7166666666666667
1378451055,0.7
1378451355,0.75
1378451655,0.75
1378451955,0.6666666666666667
1378452255,0.6666666666666667
1378452555,0.6166666666666667
1378452855,0.7333333333333333
1378453155,0.75
1378453455,0.75
1378453755,0.6833333333333332
1378454055,0.55
1378454355,0.6
1378454655,0.6785714285714286
1378454955,0.7166666666666667
1378455255,0.7
1378455555,0.6
1378455855,0.6166666666666667
1378456155,0.6333333333333333
1378456456,0.7166666666666667
1378456756,0.7142857142857143
1378457056,0.75
1378457356,0.65
1378457656,0.6333333333333333
1378457956,0.5833333333333334
1378458256,0.65
1378458556,0.7
1378458856,0.7333333333333333
1378459156,0.65
1378459456,0.6166666666666667
1378459756,0.5666666666666667
1378460056,0.7
1378460356,0.75
1378460656,23.15
1378460956,93.45
1378461256,93.61666666666666
1378461556,93.38333333333334
1378461856,92.98333333333332
1378462156,91.15
1378462456,86.38333333333334
1378462756,93.9
1378463056,93.55
1378463356,93.01666666666668
1378463657,92.1
1378463957,85.31666666666666
1378464257,93.73333333333332
1378464557,93.21666666666664
1378464857,93.16666666666666
1378465157,92.4
1378465457,86.38333333333334
1378465757,93.65
1378466057,93.33333333333334
1378466357,93.53333333333336
1378466657,93.01666666666668
1378466957,85.48333333333333
1378467257,1.2166666666666668
1378467557,0.75
1378467857,0.75
1378468157,0.7166666666666667
1378468457,0.6166666666666667
1378468757,0.75
1378469057,0.6666666666666667
1378469357,0.6666666666666667
1378469657,0.8333333333333333
1378469957,0.7333333333333333
1378470257,0.6166666666666667
1378470557,0.6166666666666667
1378470857,0.65
1378471157,0.6833333333333332
1378471457,0.7
1378471757,0.5166666666666666
1378472057,0.55
1378472357,0.65
1378472657,0.6
1378472957,0.5833333333333334
1378473257,0.5833333333333334
1378473557,0.6833333333333332
1378473857,0.6166666666666667
1378474157,33.26785714285714
1378474457,97.86666666666666
1378474757,21.316666666666663
1378475057,0.6333333333333333
1378475358,78.18333333333334
1378475658,93.43333333333334
1378475958,93.31666666666666
1378476258,93.23333333333332
1378476558,91.93333333333334
1378476858,28.75
1378477158,0.7333333333333333
1378477458,0.9
1378477758,0.75
1378478058,0.75
1378478358,0.7166666666666667
1378478658,0.75
1378478958,0.7
1378479258,0.5833333333333334
1378479558,0.6
1378479858,0.7166666666666667
1378480158,0.6833333333333332
1378480458,0.5833333333333334
1378480758,0.7666666666666667
1378481058,0.5666666666666667
1378481358,0.65
1378481658,0.75
1378481958,0.6333333333333333
1378482258,0.65
1378482558,0.7
1378482858,0.7166666666666667
1378483158,0.6833333333333332
1378483459,0.6666666666666667
1378483759,0.65
1378484059,0.5833333333333334
1378484359,0.6333333333333333
1378484659,0.6333333333333333
1378484959,0.7
1378485259,0.7333333333333333
1378485559,0.7166666666666667
1378485859,0.5666666666666667
1378486159,0.6
1378486459,0.65
1378486759,1.2833333333333334
1378487059,0.6666666666666667
1378487359,0.7166666666666667
1378487659,0.6666666666666667
1378487959,0.6333333333333333
1378488259,0.5833333333333334
1378488559,0.7
1378488859,0.65
1378489159,0.6666666666666667
1378489459,0.5333333333333333
1378489759,0.6166666666666667
1378490059,0.7
1378490359,0.6666666666666667
1378490659,0.65
1378490959,0.6333333333333333
1378491259,0.5
1378491559,0.65
1378491859,0.6666666666666667
1378492159,0.7
1378492459,0.6333333333333333
1378492759,0.7166666666666667
1378493059,0.55
1378493360,0.5833333333333334
1378493660,0.6833333333333332
1378493960,0.7
1378494260,0.6833333333333332
1378494560,0.6833333333333332
1378494860,0.6833333333333332
1378495160,0.6333333333333333
1378495460,0.6833333333333332
1378495760,0.7166666666666667
1378496060,1.0833333333333333
1378496360,0.6666666666666667
1378496660,0.7
1378496960,0.6333333333333333
1378497260,0.65
1378497560,0.7
1378497860,0.6333333333333333
1378498160,0.65
1378498460,0.6333333333333333
1378498760,0.5666666666666667
1378499060,0.7166666666666667
1378499360,0.75
1378499660,0.6666666666666667
1378499960,0.65
1378500260,0.6
1378500560,0.55
1378500860,0.6833333333333332
1378501160,0.7
1378501460,0.6166666666666667
1378501760,0.5666666666666667
1378502060,0.6833333333333332
1378502360,0.6833333333333332
1378502660,0.6833333333333332
1378502960,0.7
1378503260,0.7
1378503560,0.6833333333333332
1378503860,0.7333333333333333
1378504160,0.7166666666666667
1378504460,0.7166666666666667
1378504760,0.75
1378505060,0.7166666666666667
1378505360,0.7
1378505660,0.7
1378505960,0.7166666666666667
1378506260,0.7166666666666667
1378506560,0.7333333333333333
1378506860,0.7333333333333333
1378507160,0.65
1378507460,0.7166666666666667
1378507761,0.7166666666666667
1378508061,0.7
1378508361,0.7
1378508661,0.6833333333333332
1378508961,0.5833333333333334
1378509261,0.6666666666666667
1378509561,0.5666666666666667
1378509861,0.6833333333333332
1378510161,0.6833333333333332
1378510461,0.6833333333333332
1378510761,0.5833333333333334
1378511061,0.6666666666666667
1378511361,0.7
1378511661,0.7
1378511961,0.7333333333333333
1378512261,0.65
1378512561,0.6
1378512861,0.6666666666666667
1378513161,0.6166666666666667
1378513461,0.7
1378513761,0.6833333333333332
1378514061,0.7166666666666667
1378514361,0.7
1378514661,0.6166666666666667
1378514961,0.7
1378515261,0.6666666666666667
1378515561,0.7166666666666667
1378515861,0.7
1378516161,0.5166666666666666
1378516461,0.5666666666666667
1378516761,0.55
1378517061,0.6666666666666667
1378517361,0.5666666666666667
1378517661,0.5833333333333334
1378517961,0.5333333333333333
1378518261,0.6666666666666667
1378518561,0.6833333333333332
1378518861,0.6166666666666667
1378519161,0.5833333333333334
1378519461,0.5666666666666667
1378519761,0.6666666666666667
1378520061,0.5666666666666667
1378520362,0.6333333333333333
1378520662,0.6833333333333332
1378520962,0.65
1378521262,0.6333333333333333
1378521562,0.6
1378521862,0.5666666666666667
1378522162,0.7
1378522462,0.7
1378522762,0.6166666666666667
1378523062,0.5666666666666667
1378523362,0.65
1378523662,0.5833333333333334
1378523962,0.7
1378524262,0.7166666666666667
1378524562,0.7333333333333333
1378524862,0.65
1378525162,0.6166666666666667
1378525462,0.6333333333333333
1378525762,0.65
1378526062,0.7333333333333333
1378526362,0.6
1378526662,0.55
1378526962,0.7
1378527262,0.6833333333333332
1378527562,0.5666666666666667
1378527862,0.6833333333333332
1378528162,0.6333333333333333
1378528462,0.5833333333333334
1378528762,0.55
1378529062,0.6
1378529362,0.6166666666666667
1378529662,0.6833333333333332
1378529963,0.65
1378530263,0.5833333333333334
1378530563,0.7
1378530863,0.55
1378531163,0.6833333333333332
1378531463,0.65
1378531763,0.6666666666666667
1378532063,0.5833333333333334
1378532363,0.65
1378532663,0.7166666666666667
1378532963,0.6666666666666667
1378533263,0.7
1378533563,0.5333333333333333
1378533863,0.5333333333333333
1378534163,0.6666666666666667
1378534463,0.6166666666666667
1378534763,0.6666666666666667
1378535063,0.65
1378535363,0.7166666666666667
1378535663,0.65
1378535963,0.6
1378536263,0.7
1378536563,0.65
1378536863,0.6333333333333333
1378537163,0.5666666666666667
1378537463,0.5833333333333334
1378537763,0.9833333333333332
1378538063,0.9166666666666669
1378538363,0.7
1378538663,0.6833333333333332
1378538963,0.6666666666666667
1378539263,0.5666666666666667
1378539563,0.5833333333333334
1378539863,0.7166666666666667
1378540163,0.7333333333333333
1378540463,0.7333333333333333
1378540763,0.6666666666666667
1378541063,0.6166666666666667
1378541363,0.6166666666666667
1378541663,0.6
1378541963,0.6666666666666667
1378542263,0.7
1378542563,0.6666666666666667
1378542863,0.6333333333333333
1378543163,0.6833333333333332
1378543463,0.7
1378543763,0.7
1378544063,0.6333333333333333
1378544364,0.6
1378544664,0.6333333333333333
1378544964,0.6333333333333333
1378545264,0.6833333333333332
1378545564,0.65
1378545864,0.6166666666666667
1378546164,0.6333333333333333
1378546464,0.55
1378546764,0.5666666666666667
1378547064,0.7
1378547364,0.7
1378547664,0.6666666666666667
1378547964,0.65
1378548264,0.65
1378548564,0.6
1378548864,0.7
1378549164,0.7166666666666667
1378549464,0.7
1378549764,0.6333333333333333
1378550064,0.6333333333333333
1378550364,0.6833333333333332
1378550664,0.7166666666666667
1378550964,0.7166666666666667
1378551264,0.5666666666666667
1378551564,0.5666666666666667
1378551864,0.6666666666666667
1378552164,0.5833333333333334
1378552464,0.7
1378552764,0.7166666666666667
1378553064,0.7
1378553364,0.6
1378553664,0.6333333333333333
1378553964,0.6666666666666667
1378554264,0.65
1378554564,0.6666666666666667
1378554865,0.6333333333333333
1378555165,0.55
1378555465,0.5833333333333334
1378555765,0.55
1378556065,0.7
1378556365,0.7166666666666667
1378556665,0.75
1378556965,0.6
1378557265,0.5666666666666667
1378557565,0.7166666666666667
1378557865,0.6833333333333332
1378558165,0.7166666666666667
1378558465,0.65
1378558765,0.6166666666666667
1378559065,0.6166666666666667
1378559365,0.6833333333333332
1378559665,0.7166666666666667
1378559965,0.7333333333333333
1378560265,0.6166666666666667
1378560565,0.55
1378560865,0.65
1378561165,0.7333333333333333
1378561465,0.7166666666666667
1378561765,0.65
1378562065,0.55
1378562366,0.5
1378562666,0.5666666666666667
1378562966,0.5666666666666667
1378563266,0.6
1378563566,0.6666666666666667
1378563866,0.6666666666666667
1378564166,0.5
1378564466,0.5833333333333334
1378564766,0.7166666666666667
1378565066,0.6
1378565366,0.6833333333333332
1378565666,0.6166666666666667
1378565966,0.5666666666666667
1378566266,0.5333333333333333
1378566566,0.6666666666666667
1378566866,0.75
1378567166,0.6166666666666667
1378567466,0.6
1378567766,0.6333333333333333
1378568066,0.6
1378568366,0.7
1378568666,0.7333333333333333
1378568966,0.6833333333333332
1378569266,0.6333333333333333
1378569566,0.6833333333333332
1378569866,0.5333333333333333
1378570166,0.75
1378570466,0.7166666666666667
1378570766,0.7
1378571066,0.65
1378571366,0.6833333333333332
1378571666,0.7166666666666667
1378571966,0.7166666666666667
1378572266,0.7166666666666667
1378572566,0.7
1378572866,0.5833333333333334
1378573166,0.6833333333333332
1378573466,0.6
1378573766,0.6833333333333332
1378574067,0.75
1378574367,0.7166666666666667
1378574667,0.6833333333333332
1378574967,0.7166666666666667
1378575267,0.6166666666666667
1378575567,0.6833333333333332
1378575867,0.7333333333333333
1378576167,0.6333333333333333
1378576467,0.6166666666666667
1378576767,0.6666666666666667
1378577067,0.5833333333333334
1378577367,0.7166666666666667
1378577667,0.7333333333333333
1378577967,0.7
1378578267,0.6333333333333333
1378578567,0.6166666666666667
1378578867,0.7166666666666667
1378579167,0.7166666666666667
1378579467,0.7
1378579767,0.6166666666666667
1378580067,0.5333333333333333
1378580367,0.65
1378580667,0.6666666666666667
1378580967,0.6666666666666667
1378581267,0.7333333333333333
1378581567,0.7166666666666667
1378581867,0.6666666666666667
1378582167,0.6
1378582467,1.0
1378582767,0.8166666666666668
1378583067,0.7
1378583368,0.7
1378583668,0.5833333333333334
1378583968,0.6
1378584268,0.65
1378584568,0.6333333333333333
1378584868,0.7166666666666667
1378585168,0.7166666666666667
1378585468,0.6
1378585768,0.6333333333333333
1378586068,0.7166666666666667
1378586368,0.65
1378586668,0.6666666666666667
1378586968,0.6166666666666667
1378587268,0.6166666666666667
1378587568,0.5666666666666667
1378587868,0.5833333333333334
1378588168,0.7166666666666667
1378588468,0.65
1378588768,0.7166666666666667
1378589068,0.5333333333333333
1378589368,0.65
1378589668,0.7
1378589968,0.7333333333333333
1378590268,0.6833333333333332
1378590568,0.6
1378590868,0.6166666666666667
1378591168,0.5166666666666666
1378591468,0.6666666666666667
1378591768,0.6333333333333333
1378592068,0.7
1378592368,0.6166666666666667
1378592668,0.6166666666666667
1378592968,1.2666666666666666
1378593269,0.75
1378593569,0.7166666666666667
1378593869,0.7166666666666667
1378594169,0.65
1378594469,0.65
1378594769,0.6833333333333332
1378595069,0.7
1378595369,0.7333333333333333
1378595669,0.6666666666666667
1378595969,0.6333333333333333
1378596269,0.6
1378596569,0.55
1378596869,0.6666666666666667
1378597169,0.6666666666666667
1378597469,0.6666666666666667
1378597769,0.6166666666666667
1378598069,0.5833333333333334
1378598369,0.6
1378598669,0.7
1378598969,0.7166666666666667
1378599269,0.7
1378599569,0.6
1378599869,0.55
1378600169,0.7166666666666667
1378600469,0.6166666666666667
1378600769,0.6333333333333333
1378601069,0.5666666666666667
1378601369,0.7
1378601669,0.7
1378601970,0.65
1378602269,0.7333333333333333
1378602569,0.6833333333333332
1378602869,0.6833333333333332
1378603169,0.6166666666666667
1378603469,0.7166666666666667
1378603769,0.6833333333333332
1378604069,0.6833333333333332
1378604369,0.75
1378604669,0.6333333333333333
1378604969,0.5666666666666667
1378605269,0.6166666666666667
1378605569,0.6333333333333333
1378605869,0.7
1378606169,0.6833333333333332
1378606469,0.7166666666666667
1378606769,0.5
1378607069,0.6833333333333332
1378607369,0.7166666666666667
1378607669,0.6166666666666667
1378607970,0.55
1378608270,0.6333333333333333
1378608570,0.65
1378608870,0.6166666666666667
1378609170,0.7
1378609470,0.6666666666666667
1378609770,0.7166666666666667
1378610070,0.7
1378610370,0.6333333333333333
1378610670,0.6166666666666667
1378610970,0.65
1378611270,0.6666666666666667
1378611570,0.6
1378611870,0.6666666666666667
1378612170,0.5666666666666667
1378612470,0.6
1378612770,0.65
1378613070,0.7166666666666667
1378613370,0.7333333333333333
1378613670,0.6666666666666667
1378613970,0.65
1378614270,0.6166666666666667
1378614570,0.65
1378614870,0.6833333333333332
1378615170,0.6333333333333333
1378615470,0.65
1378615770,0.6833333333333332
1378616070,0.6333333333333333
1378616370,0.6833333333333332
1378616670,0.7166666666666667
1378616970,0.5666666666666667
1378617270,0.6
1378617570,0.6166666666666667
1378617871,0.5833333333333334
1378618171,0.6333333333333333
1378618471,0.7
1378618771,0.65
1378619071,0.5666666666666667
1378619371,0.65
1378619671,0.5333333333333333
1378619971,0.6833333333333332
1378620271,0.6666666666666667
1378620571,0.6833333333333332
1378620871,0.5833333333333334
1378621171,0.6166666666666667
1378621471,0.6166666666666667
1378621771,0.6666666666666667
1378622071,0.6333333333333333
1378622371,0.5833333333333334
1378622671,0.5833333333333334
1378622971,0.7166666666666667
1378623271,0.65
1378623571,0.7
1378623871,0.7166666666666667
1378624171,0.6333333333333333
1378624472,0.6
1378624772,0.6666666666666667
1378625072,0.5833333333333334
1378625372,0.65
1378625672,0.7166666666666667
1378625972,0.6833333333333332
1378626272,0.5833333333333334
1378626572,0.5833333333333334
1378626872,0.5833333333333334
1378627172,0.65
1378627472,0.7333333333333333
1378627772,0.7166666666666667
1378628072,0.6
1378628372,0.6333333333333333
1378628672,0.6833333333333332
1378628972,0.5833333333333334
1378629272,0.6333333333333333
1378629572,0.6
1378629872,0.5833333333333334
1378630172,0.6333333333333333
1378630472,0.6666666666666667
1378630772,0.7
1378631073,0.7
1378631373,0.7
1378631673,0.6333333333333333
1378631973,0.65
1378632273,0.7166666666666667
1378632573,0.7166666666666667
1378632873,0.7
1378633173,0.65
1378633473,0.5
1378633773,0.5833333333333334
1378634073,0.7166666666666667
1378634373,0.65
1378634673,0.7166666666666667
1378634973,0.7
1378635273,0.6166666666666667
1378635573,0.6333333333333333
1378635873,0.6666666666666667
1378636173,0.7333333333333333
1378636473,0.6666666666666667
1378636773,0.6333333333333333
1378637073,0.5666666666666667
1378637373,0.5666666666666667
1378637673,0.65
1378637973,0.6666666666666667
1378638273,0.6666666666666667
1378638573,0.6166666666666667
1378638873,0.6166666666666667
1378639173,0.5833333333333334
1378639473,0.7
1378639773,0.7
1378640073,0.6666666666666667
1378640373,0.6833333333333332
1378640673,0.6666666666666667
1378640973,0.5833333333333334
1378641273,0.7
1378641573,0.7
1378641873,0.7333333333333333
1378642173,0.6
1378642473,0.5666666666666667
1378642774,0.65
1378643074,0.6666666666666667
1378643374,0.7166666666666667
1378643674,0.6166666666666667
1378643974,0.5666666666666667
1378644274,0.6
1378644574,1.15
1378644874,0.75
1378645174,0.7666666666666667
1378645474,0.6333333333333333
1378645774,0.6166666666666667
1378646074,0.5833333333333334
1378646374,0.55
1378646674,0.6166666666666667
1378646974,0.6666666666666667
1378647274,0.6333333333333333
1378647574,0.5333333333333333
1378647874,0.6
1378648174,0.6
1378648474,0.65
1378648774,0.7166666666666667
1378649074,0.7166666666666667
1378649374,0.5666666666666667
1378649674,0.6333333333333333
1378649974,0.6333333333333333
1378650274,0.5833333333333334
1378650574,0.7166666666666667
1378650874,0.6428571428571429
1378651174,0.5666666666666667
1378651474,0.6666666666666667
1378651775,0.7166666666666667
1378652075,0.7166666666666667
1378652375,0.6071428571428572
1378652675,0.7166666666666667
1378652975,0.6666666666666667
1378653275,0.6
1378653575,0.6964285714285714
1378653875,0.5333333333333333
1378654175,0.5892857142857143
1378654475,0.6
1378654775,0.5333333333333333
1378655075,0.5666666666666667
1378655375,0.5714285714285715
1378655675,0.6333333333333333
1378655975,0.5833333333333334
1378656275,0.6666666666666667
1378656575,0.5166666666666666
1378656875,0.5833333333333334
1378657175,0.7
1378657475,0.6833333333333332
1378657775,0.6785714285714286
1378658076,0.65
1378658376,0.55
1378658676,0.5666666666666667
1378658976,0.65
1378659276,0.6666666666666667
1378659576,0.7
1378659876,0.6166666666666667
1378660176,0.65
1378660476,0.6166666666666667
1378660776,0.6166666666666667
1378661076,0.7166666666666667
1378661376,0.6785714285714286
1378661676,0.6833333333333332
1378661976,0.6333333333333333
1378662276,0.5166666666666666
1378662576,0.6
1378662876,0.7166666666666667
1378663176,0.6666666666666667
1378663476,0.5714285714285715
1378663776,0.5833333333333334
1378664076,0.6166666666666667
1378664376,0.7333333333333333
1378664676,0.7333333333333333
1378664976,0.6666666666666667
1378665276,0.55
1378665576,0.65
1378665876,0.55
1378666176,0.7
1378666476,0.6833333333333332
1378666776,0.6333333333333333
1378667077,0.6166666666666667
1378667377,0.6333333333333333
1378667677,0.6666666666666667
1378667976,0.7
1378668276,0.7333333333333333
1378668576,0.65
1378668876,0.9
1378669176,0.75
1378669476,0.6
1378669776,0.7333333333333333
1378670076,0.7166666666666667
1378670376,0.7333333333333333
1378670676,0.5666666666666667
1378670976,0.65
1378671276,0.75
1378671576,0.6666666666666667
1378671876,0.6833333333333332
1378672176,0.7
1378672477,0.5666666666666667
1378672777,0.6333333333333333
1378673077,0.7166666666666667
1378673377,0.7166666666666667
1378673677,0.65
1378673977,0.6333333333333333
1378674277,0.6333333333333333
1378674577,0.6166666666666667
1378674877,0.7166666666666667
1378675177,0.6
1378675477,0.6666666666666667
1378675777,0.6666666666666667
1378676077,0.5
1378676377,0.65
1378676677,0.65
1378676977,0.75
1378677277,0.7333333333333333
1378677577,0.7166666666666667
1378677877,0.65
1378678177,0.6833333333333332
1378678477,0.7166666666666667
1378678777,0.7
1378679077,0.75
1378679377,0.5666666666666667
1378679677,0.5333333333333333
1378679977,0.65
1378680277,0.7
1378680577,0.7
1378680877,0.6666666666666667
1378681178,0.6333333333333333
1378681478,0.5833333333333334
1378681778,0.6166666666666667
1378682078,0.7166666666666667
1378682378,0.6666666666666667
1378682678,0.5833333333333334
1378682978,0.6333333333333333
1378683278,0.55
1378683578,0.6
1378683878,0.7166666666666667
1378684178,0.7
1378684478,0.7
1378684778,0.6166666666666667
1378685078,0.6666666666666667
1378685378,0.6666666666666667
1378685678,0.7333333333333333
1378685978,0.75
1378686278,0.6833333333333332
1378686578,0.5833333333333334
1378686878,0.6833333333333332
1378687178,0.6
1378687478,0.75
1378687778,0.6666666666666667
1378688078,0.65
1378688378,0.6166666666666667
1378688678,0.6
1378688978,0.65
1378689278,0.6333333333333333
1378689578,0.7166666666666667
1378689878,0.7333333333333333
1378690178,0.6166666666666667
1378690478,0.6666666666666667
1378690778,0.65
1378691079,0.7166666666666667
1378691379,0.7333333333333333
1378691679,0.6833333333333332
1378691979,0.5833333333333334
1378692279,0.5833333333333334
1378692579,0.6333333333333333
1378692879,0.6166666666666667
1378693179,0.7
1378693479,0.5166666666666666
1378693779,0.6666666666666667
1378694079,0.65
1378694379,0.5666666666666667
1378694679,0.7166666666666667
1378694979,0.7
1378695279,0.5833333333333334
1378695579,0.55
1378695879,0.6
1378696179,0.75
1378696479,0.6833333333333332
1378696779,0.65
1378697079,0.65
1378697379,0.5666666666666667
1378697679,0.5833333333333334
1378697979,0.6166666666666667
1378698279,1.3166666666666669
1378698579,0.75
1378698879,0.75
1378699180,0.5666666666666667
1378699480,0.5833333333333334
1378699780,0.6666666666666667
1378700080,0.6166666666666667
1378700380,0.6166666666666667
1378700679,0.6333333333333333
1378700979,0.5
1378701279,0.6166666666666667
1378701579,0.65
1378701879,0.6333333333333333
1378702179,0.6
1378702479,0.6666666666666667
1378702779,0.5666666666666667
1378703079,0.65
1378703379,0.7
1378703680,0.6666666666666667
1378703980,0.6666666666666667
1378704280,0.6333333333333333
1378704580,0.5333333333333333
1378704880,0.6333333333333333
1378705180,0.65
1378705480,0.6833333333333332
1378705780,0.7
1378706080,0.6833333333333332
1378706380,0.6166666666666667
1378706680,0.6
1378706980,0.7333333333333333
1378707280,0.7333333333333333
1378707580,0.6166666666666667
1378707880,0.6
1378708180,0.6666666666666667
1378708480,0.5
1378708780,0.7333333333333333
1378709080,0.7333333333333333
1378709380,0.6333333333333333
1378709680,0.65
1378709980,0.6333333333333333
1378710280,0.7
1378710580,0.6166666666666667
1378710880,0.7
1378711180,0.7
1378711481,0.6
1378711781,0.6833333333333332
1378712081,0.5666666666666667
1378712381,0.75
1378712681,0.7166666666666667
1378712981,0.65
1378713281,0.6333333333333333
1378713581,0.6333333333333333
1378713881,0.7166666666666667
1378714181,0.7333333333333333
1378714481,0.7166666666666667
1378714781,0.65
1378715081,0.6166666666666667
1378715381,0.65
1378715681,0.6333333333333333
1378715981,0.7166666666666667
1378716281,0.7166666666666667
1378716581,0.7166666666666667
1378716881,0.6666666666666667
1378717181,0.65
1378717481,0.6666666666666667
1378717782,0.6166666666666667
1378718082,0.7
1378718382,0.6666666666666667
1378718682,0.5833333333333334
1378718982,0.6333333333333333
1378719282,0.6
1378719582,0.7
1378719882,0.7
1378720182,0.7166666666666667
1378720482,0.5166666666666666
1378720782,0.6333333333333333
1378721082,0.6333333333333333
1378721382,0.6666666666666667
1378721682,0.6666666666666667
1378721982,0.65
1378722282,0.6333333333333333
1378722582,0.65
1378722882,0.6833333333333332
1378723182,0.7333333333333333
1378723482,0.7
1378723782,0.7166666666666667
1378724082,0.5666666666666667
1378724382,0.5833333333333334
1378724682,0.7
1378724982,0.6666666666666667
1378725282,0.65
1378725582,0.5666666666666667
1378725882,0.55
1378726182,0.6166666666666667
1378726482,0.6333333333333333
1378726782,0.7
1378727082,0.7166666666666667
1378727382,0.7
1378727682,0.55
1378727983,0.5666666666666667
1378728283,0.65
1378728583,0.5833333333333334
1378728883,0.65
1378729183,0.55
1378729483,0.5333333333333333
1378729783,0.5666666666666667
1378730083,0.6833333333333332
1378730383,0.65
1378730683,0.7
1378730983,0.65
1378731283,0.5666666666666667
1378731583,0.7
1378731883,0.7166666666666667
1378732183,0.7166666666666667
1378732483,0.6
1378732783,0.65
1378733083,0.6666666666666667
1378733383,0.5166666666666666
1378733683,0.6
1378733983,0.7
1378734283,0.7
1378734583,0.6
1378734883,0.6166666666666667
1378735183,0.5833333333333334
1378735483,0.75
1378735783,0.7333333333333333
1378736083,0.65
1378736383,0.5833333333333334
1378736683,0.6833333333333332
1378736983,0.6
1378737283,0.7166666666666667
1378737583,0.7
1378737883,0.6
1378738183,0.5833333333333334
1378738483,0.6333333333333333
1378738783,0.65
1378739083,0.65
1378739383,0.7333333333333333
1378739683,0.6333333333333333
1378739983,1.05
1378740283,85.06666666666666
1378740583,92.4
1378740883,92.56666666666666
1378741183,92.41666666666666
1378741483,91.56666666666666
1378741783,90.66666666666666
1378742084,87.53333333333335
1378742384,87.56666666666666
1378742684,87.7
1378742984,89.78333333333335
1378743284,91.95
1378743584,93.05
1378743884,89.41666666666666
1378744184,90.41666666666666
1378744484,93.21666666666664
1378744784,93.83333333333334
1378745084,90.86666666666666
1378745384,92.8
1378745684,92.98333333333332
1378745984,94.68333333333334
1378746284,94.9
1378746584,89.68333333333334
1378746884,87.01666666666667
1378747184,90.46666666666664
1378747484,90.35
1378747784,90.05
1378748084,89.53333333333335
1378748384,87.66666666666666
1378748684,89.1
1378748984,89.76666666666667
1378749284,87.28333333333335
1378749584,85.45
1378749884,82.6
1378750184,73.01666666666667
1378750484,78.85
1378750784,87.9
1378751084,91.1
1378751384,90.3
1378751684,86.08333333333334
1378751984,76.31666666666666
1378752284,76.51666666666667
1378752585,89.93333333333334
1378752885,91.51666666666668
1378753185,89.83333333333334
1378753485,85.96666666666665
1378753785,76.16666666666667
1378754085,76.73333333333333
1378754385,89.95
1378754685,92.25
1378754985,92.68333333333334
1378755285,90.95
1378755585,80.88333333333333
1378755885,72.48333333333333
1378756185,92.93333333333334
1378756485,91.53333333333336
1378756785,88.28333333333335
1378757085,92.93333333333334
1378757385,91.35
1378757685,91.58333333333334
1378757985,89.78333333333335
1378758285,83.35
1378758585,86.21666666666665
1378758885,91.1
1378759185,84.98333333333333
1378759485,90.21666666666664
1378759785,92.85
1378760085,88.61666666666666
1378760385,91.83333333333334
1378760685,94.46666666666664
1378760985,79.26666666666667
1378761285,93.21666666666664
1378761585,91.86666666666666
1378761885,88.16666666666666
1378762185,93.53333333333336
1378762485,92.23333333333332
1378762786,87.9
1378763086,93.4
1378763386,92.0
1378763686,86.36666666666666
1378763986,88.55
1378764286,89.36666666666666
1378764586,90.48333333333332
1378764886,55.98333333333333
1378765186,0.7166666666666667
1378765486,0.6833333333333332
1378765786,0.75
1378766086,0.7166666666666667
1378766385,0.6833333333333332
1378766685,0.5666666666666667
1378766985,0.5666666666666667
1378767285,0.7333333333333333
1378767585,0.7166666666666667
1378767885,0.7
1378768185,0.7
1378768486,0.6166666666666667
1378768786,0.6666666666666667
1378769086,0.7
1378769386,0.7333333333333333
1378769686,0.6666666666666667
1378769986,0.75
1378770286,0.7
1378770586,0.7
1378770886,0.7333333333333333
1378771186,0.5833333333333334
1378771486,0.7
1378771786,0.65
1378772086,0.5833333333333334
1378772386,0.7333333333333333
1378772686,0.7166666666666667
1378772986,0.7166666666666667
1378773286,0.7
1378773586,0.7166666666666667
1378773886,0.5833333333333334
1378774186,0.6166666666666667
1378774486,0.6666666666666667
1378774786,0.65
1378775086,0.6833333333333332
1378775386,0.7333333333333333
1378775686,0.75
1378775986,0.6833333333333332
1378776286,0.7
1378776586,0.7166666666666667
1378776886,0.6333333333333333
1378777186,0.7166666666666667
1378777486,0.7
1378777787,0.7
1378778087,0.7166666666666667
1378778387,0.7
1378778687,0.7
1378778987,0.5833333333333334
1378779287,0.6833333333333332
1378779587,0.6
1378779887,0.7
1378780187,0.7166666666666667
1378780487,0.6166666666666667
1378780787,0.65
1378781087,0.65
1378781387,0.6166666666666667
1378781687,0.6333333333333333
1378781987,0.7333333333333333
1378782287,0.7166666666666667
1378782587,0.65
1378782887,0.6333333333333333
1378783187,0.5166666666666666
1378783487,0.6666666666666667
1378783787,0.7
1378784087,0.7166666666666667
1378784387,0.7333333333333333
1378784687,0.65
1378784987,0.7333333333333333
1378785287,0.65
1378785587,0.6666666666666667
1378785887,0.6833333333333332
1378786187,0.5833333333333334
1378786487,0.7333333333333333
1378786787,0.6166666666666667
1378787088,0.7166666666666667
1378787388,0.7
1378787688,0.7333333333333333
1378787988,0.5833333333333334
1378788288,0.5666666666666667
1378788588,0.7333333333333333
1378788888,0.7
1378789188,0.7166666666666667
1378789488,0.7
1378789788,0.6666666666666667
1378790088,0.65
1378790388,0.6166666666666667
1378790688,0.6166666666666667
1378790988,0.6166666666666667
1378791288,0.6166666666666667
1378791588,0.5
1378791888,0.6
1378792188,0.65
1378792488,0.6166666666666667
1378792788,0.5833333333333334
1378793088,0.6
1378793388,0.6166666666666667
1378793688,0.6166666666666667
1378793988,0.6166666666666667
1378794288,0.6833333333333332
1378794588,0.7
1378794889,0.6833333333333332
1378795189,0.5333333333333333
1378795489,0.65
1378795789,0.6666666666666667
1378796089,0.6833333333333332
1378796389,0.6333333333333333
1378796689,0.6
1378796989,0.6166666666666667
1378797289,0.5833333333333334
1378797589,0.6333333333333333
1378797889,0.7
1378798189,45.65
1378798489,90.45
1378798789,90.93333333333334
1378799089,90.8
1378799388,91.03333333333336
1378799688,85.73333333333333
1378799988,87.2
1378800289,89.03333333333335
1378800589,88.96666666666665
1378800889,88.71666666666665
1378801189,88.46666666666665
1378801489,87.78333333333335
1378801789,30.23333333333333
1378802089,0.7333333333333333
1378802389,0.7333333333333333
1378802689,0.7166666666666667
1378802989,0.7166666666666667
1378803289,0.75
1378803589,0.7166666666666667
1378803889,0.65
1378804189,0.7
1378804489,0.5833333333333334
1378804789,0.7166666666666667
1378805089,1.3
1378805389,0.7333333333333333
1378805689,0.7
1378805989,0.7
1378806289,0.7
1378806589,0.6666666666666667
1378806889,0.7333333333333333
1378807189,0.5833333333333334
1378807489,0.7
1378807789,0.65
1378808089,0.6166666666666667
1378808389,0.7
1378808689,0.7333333333333333
1378808990,0.6166666666666667
1378809290,0.6166666666666667
1378809590,0.6
1378809890,0.6666666666666667
1378810190,0.7333333333333333
1378810490,0.7166666666666667
1378810790,0.65
1378811090,0.6166666666666667
1378811390,0.6666666666666667
1378811690,0.6666666666666667
1378811990,0.6833333333333332
1378812290,0.7166666666666667
1378812590,0.7
1378812890,0.6
1378813190,0.6333333333333333
1378813490,0.7166666666666667
1378813790,0.7166666666666667
1378814090,0.6833333333333332
1378814390,0.6833333333333332
1378814690,0.5666666666666667
1378814990,0.7166666666666667
1378815290,0.7166666666666667
1378815590,0.7166666666666667
1378815890,0.6
1378816190,82.95
1378816490,24.4
1378816790,0.6
1378817090,0.7166666666666667
1378817390,22.48333333333333
1378817690,34.35
1378817990,10.366666666666667
1378818290,0.6666666666666667
1378818590,0.65
1378818890,0.7166666666666667
1378819190,0.75
1378819490,0.6666666666666667
1378819791,0.7
1378820091,0.5666666666666667
1378820391,0.6333333333333333
1378820691,0.7333333333333333
1378820991,0.7166666666666667
1378821291,0.7
1378821591,0.6166666666666667
1378821891,0.6166666666666667
1378822191,0.65
1378822491,0.7
1378822791,0.75
1378823091,0.75
1378823391,0.9
1378823691,0.6166666666666667
1378823991,0.5333333333333333
1378824291,0.6666666666666667
1378824591,0.7
1378824891,1.0666666666666669
1378825191,0.6166666666666667
1378825491,0.8166666666666668
1378825791,0.6
1378826091,0.75
1378826391,0.75
1378826691,0.6666666666666667
1378826991,0.6
1378827291,0.75
1378827591,0.6333333333333333
1378827891,0.65
1378828191,0.7333333333333333
1378828491,0.6666666666666667
1378828791,0.6166666666666667
1378829091,0.6666666666666667
1378829391,0.5833333333333334
1378829691,0.7333333333333333
1378829991,0.7
1378830291,0.7
1378830592,0.6166666666666667
1378830892,0.5833333333333334
1378831192,0.6666666666666667
1378831492,0.6833333333333332
1378831791,0.75
1378832091,0.7
1378832391,0.6833333333333332
1378832691,0.65
1378832991,0.5166666666666666
1378833291,0.75
1378833591,0.7
1378833891,0.7166666666666667
1378834191,0.6666666666666667
1378834492,0.6666666666666667
1378834792,0.7166666666666667
1378835092,0.7
1378835392,0.7166666666666667
1378835692,0.7333333333333333
1378835992,0.55
1378836292,0.6
1378836592,0.6166666666666667
1378836892,0.6666666666666667
1378837192,0.6166666666666667
1378837492,0.6166666666666667
1378837792,0.5166666666666666
1378838092,0.6333333333333333
1378838392,0.6666666666666667
1378838692,0.5833333333333334
1378838992,0.7166666666666667
1378839292,0.6833333333333332
1378839592,0.5666666666666667
1378839892,0.6
1378840192,0.6833333333333332
1378840492,0.7333333333333333
1378840792,0.7333333333333333
1378841092,0.7333333333333333
1378841392,0.5666666666666667
1378841692,0.6
1378841992,1.1833333333333331
1378842293,0.7166666666666667
1378842593,0.75
1378842893,0.6666666666666667
1378843193,0.6833333333333332
1378843493,0.6166666666666667
1378843793,0.7166666666666667
1378844093,0.7333333333333333
1378844393,0.7333333333333333
1378844693,0.6833333333333332
1378844993,0.5833333333333334
1378845293,0.55
1378845593,0.7
1378845893,0.7333333333333333
1378846193,0.75
1378846493,0.5666666666666667
1378846793,0.6833333333333332
1378847093,0.6
1378847393,0.7166666666666667
1378847693,0.7166666666666667
1378847993,0.6833333333333332
1378848293,0.6333333333333333
1378848593,0.6333333333333333
1378848893,0.6666666666666667
1378849193,0.65
1378849493,0.6833333333333332
1378849793,0.6666666666666667
1378850093,0.5666666666666667
1378850393,0.6666666666666667
1378850693,0.7
1378850993,0.7166666666666667
1378851293,0.8166666666666668
1378851593,0.7333333333333333
1378851893,0.6833333333333332
1378852193,0.5666666666666667
1378852493,0.65
1378852794,0.7166666666666667
1378853094,0.7333333333333333
1378853394,0.6333333333333333
1378853694,0.5833333333333334
1378853994,0.6166666666666667
1378854294,0.5166666666666666
1378854594,0.7166666666666667
1378854894,0.6666666666666667
1378855194,0.6666666666666667
1378855494,0.6166666666666667
1378855794,0.5666666666666667
1378856094,0.6833333333333332
1378856394,0.6333333333333333
1378856694,1.3166666666666669
1378856994,0.6833333333333332
1378857294,0.6166666666666667
1378857594,0.6
1378857894,0.7
1378858194,0.6833333333333332
1378858494,0.7166666666666667
1378858794,0.55
1378859094,0.5666666666666667
1378859394,0.6333333333333333
1378859694,0.6833333333333332
1378859994,0.7166666666666667
1378860294,0.7166666666666667
1378860594,0.6
1378860894,0.6333333333333333
1378861194,0.7333333333333333
1378861494,0.6333333333333333
1378861794,0.65
1378862094,0.6833333333333332
1378862394,0.6666666666666667
1378862694,0.5833333333333334
1378862994,0.6166666666666667
1378863294,0.75
1378863595,0.6833333333333332
1378863895,0.75
1378864195,0.65
1378864494,0.6333333333333333
1378864794,0.6333333333333333
1378865094,0.75
1378865394,0.6833333333333332
1378865694,0.6
1378865994,0.6
1378866294,0.5666666666666667
1378866594,0.5666666666666667
1378866894,0.7166666666666667
1378867194,0.65
1378867494,0.6166666666666667
1378867794,0.6833333333333332
1378868094,0.65
1378868394,0.65
1378868694,0.6833333333333332
1378868994,0.75
1378869294,0.7
1378869594,0.6
1378869894,0.6833333333333332
1378870194,0.6166666666666667
1378870494,0.7
1378870794,0.7166666666666667
1378871094,0.7
1378871394,0.65
1378871695,0.625
1378871995,0.6166666666666667
1378872295,0.7166666666666667
1378872595,0.7333333333333333
1378872895,0.6333333333333333
1378873195,0.6333333333333333
1378873495,0.5892857142857143
1378873795,0.6833333333333332
1378874095,0.65
1378874395,0.7166666666666667
1378874695,0.7166666666666667
1378874995,0.6333333333333333
1378875295,0.5833333333333334
1378875595,0.6166666666666667
1378875895,0.6666666666666667
1378876195,0.7333333333333333
1378876495,0.7166666666666667
1378876795,0.7333333333333333
1378877095,0.7
1378877395,0.7
1378877695,0.75
1378877995,0.7142857142857143
1378878295,0.7142857142857143
1378878595,0.5833333333333334
1378878895,0.6666666666666667
1378879195,0.65
1378879495,0.7166666666666667
1378879795,0.7166666666666667
1378880095,0.6666666666666667
1378880396,0.5833333333333334
1378880696,0.6333333333333333
1378880996,0.7
1378881296,0.7
1378881596,0.7
1378881896,0.7166666666666667
1378882196,0.6
1378882496,9.3
1378882796,14.916666666666668
1378883096,7.5
1378883396,14.483333333333333
1378883696,9.483333333333334
1378883996,0.5833333333333334
1378884296,0.55
1378884596,0.7
1378884896,0.65
1378885196,0.6666666666666667
1378885496,0.6833333333333332
1378885796,0.6166666666666667
1378886096,0.6
1378886396,0.6785714285714286
1378886696,0.65
1378886996,0.6333333333333333
1378887296,0.6833333333333332
1378887596,0.6
1378887896,0.5666666666666667
1378888196,0.65
1378888496,0.7166666666666667
1378888796,0.7
1378889096,0.6166666666666667
1378889396,0.6
1378889696,0.5666666666666667
1378889997,0.7333333333333333
1378890297,0.7333333333333333
1378890597,0.6666666666666667
1378890897,0.6666666666666667
1378891197,0.5333333333333333
1378891497,14.083333333333332
1378891797,15.966666666666669
1378892097,13.766666666666667
1378892397,9.066666666666666
1378892697,0.6333333333333333
1378892997,0.6666666666666667
1378893297,0.6166666666666667
1378893597,0.7166666666666667
1378893897,0.7333333333333333
1378894197,0.6833333333333332
1378894497,0.6333333333333333
1378894797,0.6
1378895097,0.6166666666666667
1378895397,0.75
1378895697,0.7
1378895997,0.7166666666666667
1378896297,0.6666666666666667
1378896597,0.65
1378896897,0.6
1378897197,6.05
1378897497,11.816666666666668
1378897797,27.316666666666663
1378898097,84.3
1378898397,89.38333333333334
1378898697,89.55
1378898997,90.1
1378899297,88.21666666666665
1378899597,90.4
1378899897,90.31666666666666
1378900197,90.51666666666668
1378900497,67.28333333333333
1378900797,0.7166666666666667
1378901097,0.7333333333333333
1378901397,0.6833333333333332
1378901697,0.6
1378901997,0.7
1378902298,0.6833333333333332
1378902598,0.6333333333333333
1378902898,0.7333333333333333
1378903198,0.6333333333333333
1378903498,0.5666666666666667
1378903798,1.4333333333333331
1378904098,0.7
1378904398,0.7
1378904698,0.75
1378904998,0.7333333333333333
1378905298,0.6666666666666667
1378905598,0.7166666666666667
1378905898,0.7
1378906198,0.65
1378906498,0.7333333333333333
1378906798,0.7166666666666667
